[{"gameTime":0,"objects":[{"type":"creep","prototypeName":"Creep","x":1,"y":8,"hits":800,"hitsMax":800,"body":[{"type":"move","hits":100},{"type":"heal","hits":100},{"type":"move","hits":100},{"type":"heal","hits":100},{"type":"move","hits":100},{"type":"heal","hits":100},{"type":"move","hits":100},{"type":"heal","hits":100}],"spawning":false,"ageTime":0,"fatigue":0,"storeCapacity":0,"store":{},"user":"player1","actionLog":{},"_id":"1"},{"type":"flag","prototypeName":"Flag","x":2,"y":2,"hits":0,"hitsMax":0,"body":null,"spawning":false,"ageTime":0,"fatigue":0,"storeCapacity":0,"store":null,"user":"player1","actionLog":null,"_id":"2"},{"type":"creep","prototypeName":"Creep","x":2,"y":8,"hits":800,"hitsMax":800,"body":[{"type":"move","hits":100},{"type":"heal","hits":100},{"type":"move","hits":100},{"type":"heal","hits":100},{"type":"move","hits":100},{"type":"heal","hits":100},{"type":"move","hits":100},{"type":"heal","hits":100}],"spawning":false,"ageTime":0,"fatigue":0,"storeCapacity":0,"store":{},"user":"player1","actionLog":{},"_id":"3"},{"type":"creep","prototypeName":"Creep","x":3,"y":8,"hits":800,"hitsMax":800,"body":[{"type":"move","hits":100},{"type":"heal","hits":100},{"type":"move","hits":100},{"type":"heal","hits":100},{"type":"move","hits":100},{"type":"heal","hits":100},{"type":"move","hits":100},{"type":"heal","hits":100}],"spawning":false,"ageTime":0,"fatigue":0,"storeCapacity":0,"store":{},"user":"player1","actionLog":{},"_id":"4"},{"type":"tower","prototypeName":"StructureTower","x":4,"y":4,"hits":3000,"hitsMax":3000,"body":null,"spawning":false,"ageTime":0,"fatigue":0,"storeCapacity":0,"store":{},"user":"player1","actionLog":{},"_id":"5"},{"type":"creep","prototypeName":"Creep","x":4,"y":8,"hits":800,"hitsMax":800,"body":[{"type":"move","hits":100},{"type":"ranged_attack","hits":100},{"type":"move","hits":100},{"type":"ranged_attack","hits":100},{"type":"move","hits":100},{"type":"ranged_attack","hits":100},{"type":"move","hits":100},{"type":"ranged_attack","hits":100}],"spawning":false,"ageTime":0,"fatigue":0,"storeCapacity":0,"store":{},"user":"player1","actionLog":{},"_id":"6"},{"type":"creep","prototypeName":"Creep","x":5,"y":8,"hits":800,"hitsMax":800,"body":[{"type":"move","hits":100},{"type":"ranged_attack","hits":100},{"type":"move","hits":100},{"type":"ranged_attack","hits":100},{"type":"move","hits":100},{"type":"ranged_attack","hits":100},{"type":"move","hits":100},{"type":"ranged_attack","hits":100}],"spawning":false,"ageTime":0,"fatigue":0,"storeCapacity":0,"store":{},"user":"player1","actionLog":{},"_id":"7"},{"type":"creep","prototypeName":"Creep","x":6,"y":8,"hits":800,"hitsMax":800,"body":[{"type":"move","hits":100},{"type":"ranged_attack","hits":100},{"type":"move","hits":100},{"type":"ranged_attack","hits":100},{"type":"move","hits":100},{"type":"ranged_attack","hits":100},{"type":"move","hits":100},{"type":"ranged_attack","hits":100}],"spawning":false,"ageTime":0,"fatigue":0,"storeCapacity":0,"store":{},"user":"player1","actionLog":{},"_id":"8"},{"type":"creep","prototypeName":"Creep","x":7,"y":8,"hits":1600,"hitsMax":1600,"body":[{"type":"move","hits":100},{"type":"attack","hits":100},{"type":"move","hits":100},{"type":"attack","hits":100},{"type":"move","hits":100},{"type":"attack","hits":100},{"type":"move","hits":100},{"type":"attack","hits":100},{"type":"move","hits":100},{"type":"move","hits":100},{"type":"move","hits":100},{"type":"move","hits":100},{"type":"tough","hits":100},{"type":"tough","hits":100},{"type":"tough","hits":100},{"type":"tough","hits":100}],"spawning":false,"ageTime":0,"fatigue":0,"storeCapacity":0,"store":{},"user":"player1","actionLog":{},"_id":"9"},{"type":"creep","prototypeName":"Creep","x":8,"y":1,"hits":800,"hitsMax":800,"body":[{"type":"move","hits":100},{"type":"heal","hits":100},{"type":"move","hits":100},{"type":"heal","hits":100},{"type":"move","hits":100},{"type":"heal","hits":100},{"type":"move","hits":100},{"type":"heal","hits":100}],"spawning":false,"ageTime":0,"fatigue":0,"storeCapacity":0,"store":{},"user":"player1","actionLog":{},"_id":"10"},{"type":"creep","prototypeName":"Creep","x":8,"y":2,"hits":800,"hitsMax":800,"body":[{"type":"move","hits":100},{"type":"heal","hits":100},{"type":"move","hits":100},{"type":"heal","hits":100},{"type":"move","hits":100},{"type":"heal","hits":100},{"type":"move","hits":100},{"type":"heal","hits":100}],"spawning":false,"ageTime":0,"fatigue":0,"storeCapacity":0,"store":{},"user":"player1","actionLog":{},"_id":"11"},{"type":"creep","prototypeName":"Creep","x":8,"y":3,"hits":800,"hitsMax":800,"body":[{"type":"move","hits":100},{"type":"heal","hits":100},{"type":"move","hits":100},{"type":"heal","hits":100},{"type":"move","hits":100},{"type":"heal","hits":100},{"type":"move","hits":100},{"type":"heal","hits":100}],"spawning":false,"ageTime":0,"fatigue":0,"storeCapacity":0,"store":{},"user":"player1","actionLog":{},"_id":"12"},{"type":"creep","prototypeName":"Creep","x":8,"y":4,"hits":800,"hitsMax":800,"body":[{"type":"move","hits":100},{"type":"ranged_attack","hits":100},{"type":"move","hits":100},{"type":"ranged_attack","hits":100},{"type":"move","hits":100},{"type":"ranged_attack","hits":100},{"type":"move","hits":100},{"type":"ranged_attack","hits":100}],"spawning":false,"ageTime":0,"fatigue":0,"storeCapacity":0,"store":{},"user":"player1","actionLog":{},"_id":"13"},{"type":"creep","prototypeName":"Creep","x":8,"y":5,"hits":800,"hitsMax":800,"body":[{"type":"move","hits":100},{"type":"ranged_attack","hits":100},{"type":"move","hits":100},{"type":"ranged_attack","hits":100},{"type":"move","hits":100},{"type":"ranged_attack","hits":100},{"type":"move","hits":100},{"type":"ranged_attack","hits":100}],"spawning":false,"ageTime":0,"fatigue":0,"storeCapacity":0,"store":{},"user":"player1","actionLog":{},"_id":"14"},{"type":"creep","prototypeName":"Creep","x":8,"y":6,"hits":800,"hitsMax":800,"body":[{"type":"move","hits":100},{"type":"ranged_attack","hits":100},{"type":"move","hits":100},{"type":"ranged_attack","hits":100},{"type":"move","hits":100},{"type":"ranged_attack","hits":100},{"type":"move","hits":100},{"type":"ranged_attack","hits":100}],"spawning":false,"ageTime":0,"fatigue":0,"storeCapacity":0,"store":{},"user":"player1","actionLog":{},"_id":"15"},{"type":"creep","prototypeName":"Creep","x":8,"y":7,"hits":1600,"hitsMax":1600,"body":[{"type":"move","hits":100},{"type":"attack","hits":100},{"type":"move","hits":100},{"type":"attack","hits":100},{"type":"move","hits":100},{"type":"attack","hits":100},{"type":"move","hits":100},{"type":"attack","hits":100},{"type":"move","hits":100},{"type":"move","hits":100},{"type":"move","hits":100},{"type":"move","hits":100},{"type":"tough","hits":100},{"type":"tough","hits":100},{"type":"tough","hits":100},{"type":"tough","hits":100}],"spawning":false,"ageTime":0,"fatigue":0,"storeCapacity":0,"store":{},"user":"player1","actionLog":{},"_id":"16"},{"type":"creep","prototypeName":"Creep","x":91,"y":92,"hits":1600,"hitsMax":1600,"body":[{"type":"move","hits":100},{"type":"attack","hits":100},{"type":"move","hits":100},{"type":"attack","hits":100},{"type":"move","hits":100},{"type":"attack","hits":100},{"type":"move","hits":100},{"type":"attack","hits":100},{"type":"move","hits":100},{"type":"move","hits":100},{"type":"move","hits":100},{"type":"move","hits":100},{"type":"tough","hits":100},{"type":"tough","hits":100},{"type":"tough","hits":100},{"type":"tough","hits":100}],"spawning":false,"ageTime":0,"fatigue":0,"storeCapacity":0,"store":{},"user":"player2","actionLog":{},"_id":"17"},{"type":"creep","prototypeName":"Creep","x":91,"y":93,"hits":800,"hitsMax":800,"body":[{"type":"move","hits":100},{"type":"ranged_attack","hits":100},{"type":"move","hits":100},{"type":"ranged_attack","hits":100},{"type":"move","hits":100},{"type":"ranged_attack","hits":100},{"type":"move","hits":100},{"type":"ranged_attack","hits":100}],"spawning":false,"ageTime":0,"fatigue":0,"storeCapacity":0,"store":{},"user":"player2","actionLog":{},"_id":"18"},{"type":"creep","prototypeName":"Creep","x":91,"y":94,"hits":800,"hitsMax":800,"body":[{"type":"move","hits":100},{"type":"ranged_attack","hits":100},{"type":"move","hits":100},{"type":"ranged_attack","hits":100},{"type":"move","hits":100},{"type":"ranged_attack","hits":100},{"type":"move","hits":100},{"type":"ranged_attack","hits":100}],"spawning":false,"ageTime":0,"fatigue":0,"storeCapacity":0,"store":{},"user":"player2","actionLog":{},"_id":"19"},{"type":"creep","prototypeName":"Creep","x":91,"y":95,"hits":800,"hitsMax":800,"body":[{"type":"move","hits":100},{"type":"ranged_attack","hits":100},{"type":"move","hits":100},{"type":"ranged_attack","hits":100},{"type":"move","hits":100},{"type":"ranged_attack","hits":100},{"type":"move","hits":100},{"type":"ranged_attack","hits":100}],"spawning":false,"ageTime":0,"fatigue":0,"storeCapacity":0,"store":{},"user":"player2","actionLog":{},"_id":"20"},{"type":"creep","prototypeName":"Creep","x":91,"y":96,"hits":800,"hitsMax":800,"body":[{"type":"move","hits":100},{"type":"heal","hits":100},{"type":"move","hits":100},{"type":"heal","hits":100},{"type":"move","hits":100},{"type":"heal","hits":100},{"type":"move","hits":100},{"type":"heal","hits":100}],"spawning":false,"ageTime":0,"fatigue":0,"storeCapacity":0,"store":{},"user":"player2","actionLog":{},"_id":"21"},{"type":"creep","prototypeName":"Creep","x":91,"y":97,"hits":800,"hitsMax":800,"body":[{"type":"move","hits":100},{"type":"heal","hits":100},{"type":"move","hits":100},{"type":"heal","hits":100},{"type":"move","hits":100},{"type":"heal","hits":100},{"type":"move","hits":100},{"type":"heal","hits":100}],"spawning":false,"ageTime":0,"fatigue":0,"storeCapacity":0,"store":{},"user":"player2","actionLog":{},"_id":"22"},{"type":"creep","prototypeName":"Creep","x":91,"y":98,"hits":800,"hitsMax":800,"body":[{"type":"move","hits":100},{"type":"heal","hits":100},{"type":"move","hits":100},{"type":"heal","hits":100},{"type":"move","hits":100},{"type":"heal","hits":100},{"type":"move","hits":100},{"type":"heal","hits":100}],"spawning":false,"ageTime":0,"fatigue":0,"storeCapacity":0,"store":{},"user":"player2","actionLog":{},"_id":"23"},{"type":"creep","prototypeName":"Creep","x":92,"y":91,"hits":1600,"hitsMax":1600,"body":[{"type":"move","hits":100},{"type":"attack","hits":100},{"type":"move","hits":100},{"type":"attack","hits":100},{"type":"move","hits":100},{"type":"attack","hits":100},{"type":"move","hits":100},{"type":"attack","hits":100},{"type":"move","hits":100},{"type":"move","hits":100},{"type":"move","hits":100},{"type":"move","hits":100},{"type":"tough","hits":100},{"type":"tough","hits":100},{"type":"tough","hits":100},{"type":"tough","hits":100}],"spawning":false,"ageTime":0,"fatigue":0,"storeCapacity":0,"store":{},"user":"player2","actionLog":{},"_id":"24"},{"type":"creep","prototypeName":"Creep","x":93,"y":91,"hits":800,"hitsMax":800,"body":[{"type":"move","hits":100},{"type":"ranged_attack","hits":100},{"type":"move","hits":100},{"type":"ranged_attack","hits":100},{"type":"move","hits":100},{"type":"ranged_attack","hits":100},{"type":"move","hits":100},{"type":"ranged_attack","hits":100}],"spawning":false,"ageTime":0,"fatigue":0,"storeCapacity":0,"store":{},"user":"player2","actionLog":{},"_id":"25"},{"type":"creep","prototypeName":"Creep","x":94,"y":91,"hits":800,"hitsMax":800,"body":[{"type":"move","hits":100},{"type":"ranged_attack","hits":100},{"type":"move","hits":100},{"type":"ranged_attack","hits":100},{"type":"move","hits":100},{"type":"ranged_attack","hits":100},{"type":"move","hits":100},{"type":"ranged_attack","hits":100}],"spawning":false,"ageTime":0,"fatigue":0,"storeCapacity":0,"store":{},"user":"player2","actionLog":{},"_id":"26"},{"type":"creep","prototypeName":"Creep","x":95,"y":91,"hits":800,"hitsMax":800,"body":[{"type":"move","hits":100},{"type":"ranged_attack","hits":100},{"type":"move","hits":100},{"type":"ranged_attack","hits":100},{"type":"move","hits":100},{"type":"ranged_attack","hits":100},{"type":"move","hits":100},{"type":"ranged_attack","hits":100}],"spawning":false,"ageTime":0,"fatigue":0,"storeCapacity":0,"store":{},"user":"player2","actionLog":{},"_id":"27"},{"type":"tower","prototypeName":"StructureTower","x":95,"y":95,"hits":3000,"hitsMax":3000,"body":null,"spawning":false,"ageTime":0,"fatigue":0,"storeCapacity":0,"store":{},"user":"player2","actionLog":{},"_id":"28"},{"type":"creep","prototypeName":"Creep","x":96,"y":91,"hits":800,"hitsMax":800,"body":[{"type":"move","hits":100},{"type":"heal","hits":100},{"type":"move","hits":100},{"type":"heal","hits":100},{"type":"move","hits":100},{"type":"heal","hits":100},{"type":"move","hits":100},{"type":"heal","hits":100}],"spawning":false,"ageTime":0,"fatigue":0,"storeCapacity":0,"store":{},"user":"player2","actionLog":{},"_id":"29"},{"type":"creep","prototypeName":"Creep","x":97,"y":91,"hits":800,"hitsMax":800,"body":[{"type":"move","hits":100},{"type":"heal","hits":100},{"type":"move","hits":100},{"type":"heal","hits":100},{"type":"move","hits":100},{"type":"heal","hits":100},{"type":"move","hits":100},{"type":"heal","hits":100}],"spawning":false,"ageTime":0,"fatigue":0,"storeCapacity":0,"store":{},"user":"player2","actionLog":{},"_id":"30"},{"type":"flag","prototypeName":"Flag","x":97,"y":97,"hits":0,"hitsMax":0,"body":null,"spawning":false,"ageTime":0,"fatigue":0,"storeCapacity":0,"store":null,"user":"player2","actionLog":null,"_id":"31"},{"type":"creep","prototypeName":"Creep","x":98,"y":91,"hits":800,"hitsMax":800,"body":[{"type":"move","hits":100},{"type":"heal","hits":100},{"type":"move","hits":100},{"type":"heal","hits":100},{"type":"move","hits":100},{"type":"heal","hits":100},{"type":"move","hits":100},{"type":"heal","hits":100}],"spawning":false,"ageTime":0,"fatigue":0,"storeCapacity":0,"store":{},"user":"player2","actionLog":{},"_id":"32"}],"users":{"player1":{"_id":"player1","username":"player1","color":"#FF3333"},"player2":{"_id":"player2","username":"player2","color":"#5555FF"}}}]