[{"gameTime":0,"objects":[{"type":"container","prototypeName":"StructureContainer","x":1,"y":44,"store":{"energy":2500},"storeCapacity":2500,"_id":1},{"type":"container","prototypeName":"StructureContainer","x":1,"y":45,"store":{"energy":2500},"storeCapacity":2500,"_id":2},{"type":"container","prototypeName":"StructureContainer","x":1,"y":46,"store":{"energy":2500},"storeCapacity":2500,"_id":3},{"type":"spawn","prototypeName":"StructureSpawn","x":5,"y":45,"hits":3000,"hitsMax":3000,"store":{"energy":500},"storeCapacityResource":{"energy":1000},"user":"player1","actionLog":{},"_id":4},{"type":"constructedWall","prototypeName":"StructureWall","x":45,"y":8,"hits":10000,"hitsMax":10000,"_id":5},{"type":"constructedWall","prototypeName":"StructureWall","x":45,"y":9,"hits":10000,"hitsMax":10000,"_id":6},{"type":"constructedWall","prototypeName":"StructureWall","x":45,"y":10,"hits":10000,"hitsMax":10000,"_id":7},{"type":"constructedWall","prototypeName":"StructureWall","x":45,"y":11,"hits":10000,"hitsMax":10000,"_id":8},{"type":"constructedWall","prototypeName":"StructureWall","x":45,"y":12,"hits":10000,"hitsMax":10000,"_id":9},{"type":"constructedWall","prototypeName":"StructureWall","x":45,"y":13,"hits":10000,"hitsMax":10000,"_id":10},{"type":"constructedWall","prototypeName":"StructureWall","x":45,"y":14,"hits":10000,"hitsMax":10000,"_id":11},{"type":"constructedWall","prototypeName":"StructureWall","x":45,"y":15,"hits":10000,"hitsMax":10000,"_id":12},{"type":"constructedWall","prototypeName":"StructureWall","x":45,"y":16,"hits":10000,"hitsMax":10000,"_id":13},{"type":"constructedWall","prototypeName":"StructureWall","x":45,"y":17,"hits":10000,"hitsMax":10000,"_id":14},{"type":"constructedWall","prototypeName":"StructureWall","x":45,"y":82,"hits":10000,"hitsMax":10000,"_id":15},{"type":"constructedWall","prototypeName":"StructureWall","x":45,"y":83,"hits":10000,"hitsMax":10000,"_id":16},{"type":"constructedWall","prototypeName":"StructureWall","x":45,"y":84,"hits":10000,"hitsMax":10000,"_id":17},{"type":"constructedWall","prototypeName":"StructureWall","x":45,"y":85,"hits":10000,"hitsMax":10000,"_id":18},{"type":"constructedWall","prototypeName":"StructureWall","x":45,"y":86,"hits":10000,"hitsMax":10000,"_id":19},{"type":"constructedWall","prototypeName":"StructureWall","x":45,"y":87,"hits":10000,"hitsMax":10000,"_id":20},{"type":"constructedWall","prototypeName":"StructureWall","x":45,"y":88,"hits":10000,"hitsMax":10000,"_id":21},{"type":"constructedWall","prototypeName":"StructureWall","x":45,"y":89,"hits":10000,"hitsMax":10000,"_id":22},{"type":"constructedWall","prototypeName":"StructureWall","x":45,"y":90,"hits":10000,"hitsMax":10000,"_id":23},{"type":"constructedWall","prototypeName":"StructureWall","x":45,"y":91,"hits":10000,"hitsMax":10000,"_id":24},{"type":"constructedWall","prototypeName":"StructureWall","x":46,"y":8,"hits":10000,"hitsMax":10000,"_id":25},{"type":"constructedWall","prototypeName":"StructureWall","x":46,"y":17,"hits":10000,"hitsMax":10000,"_id":26},{"type":"constructedWall","prototypeName":"StructureWall","x":46,"y":82,"hits":10000,"hitsMax":10000,"_id":27},{"type":"constructedWall","prototypeName":"StructureWall","x":46,"y":91,"hits":10000,"hitsMax":10000,"_id":28},{"type":"constructedWall","prototypeName":"StructureWall","x":47,"y":8,"hits":10000,"hitsMax":10000,"_id":29},{"type":"constructedWall","prototypeName":"StructureWall","x":47,"y":17,"hits":10000,"hitsMax":10000,"_id":30},{"type":"constructedWall","prototypeName":"StructureWall","x":47,"y":82,"hits":10000,"hitsMax":10000,"_id":31},{"type":"constructedWall","prototypeName":"StructureWall","x":47,"y":91,"hits":10000,"hitsMax":10000,"_id":32},{"type":"constructedWall","prototypeName":"StructureWall","x":48,"y":8,"hits":10000,"hitsMax":10000,"_id":33},{"type":"constructedWall","prototypeName":"StructureWall","x":48,"y":17,"hits":10000,"hitsMax":10000,"_id":34},{"type":"constructedWall","prototypeName":"StructureWall","x":48,"y":82,"hits":10000,"hitsMax":10000,"_id":35},{"type":"constructedWall","prototypeName":"StructureWall","x":48,"y":91,"hits":10000,"hitsMax":10000,"_id":36},{"type":"constructedWall","prototypeName":"StructureWall","x":49,"y":8,"hits":10000,"hitsMax":10000,"_id":37},{"type":"container","prototypeName":"StructureContainer","x":49,"y":12,"store":{"energy":2500},"storeCapacity":2500,"_id":38},{"type":"container","prototypeName":"StructureContainer","x":49,"y":13,"store":{"energy":2500},"storeCapacity":2500,"_id":39},{"type":"constructedWall","prototypeName":"StructureWall","x":49,"y":17,"hits":10000,"hitsMax":10000,"_id":40},{"type":"container","prototypeName":"StructureContainer","x":49,"y":49,"store":{"energy":2500},"storeCapacity":2500,"_id":41},{"type":"container","prototypeName":"StructureContainer","x":49,"y":50,"store":{"energy":2500},"storeCapacity":2500,"_id":42},{"type":"constructedWall","prototypeName":"StructureWall","x":49,"y":82,"hits":10000,"hitsMax":10000,"_id":43},{"type":"container","prototypeName":"StructureContainer","x":49,"y":86,"store":{"energy":2500},"storeCapacity":2500,"_id":44},{"type":"container","prototypeName":"StructureContainer","x":49,"y":87,"store":{"energy":2500},"storeCapacity":2500,"_id":45},{"type":"constructedWall","prototypeName":"StructureWall","x":49,"y":91,"hits":10000,"hitsMax":10000,"_id":46},{"type":"constructedWall","prototypeName":"StructureWall","x":50,"y":8,"hits":10000,"hitsMax":10000,"_id":47},{"type":"container","prototypeName":"StructureContainer","x":50,"y":12,"store":{"energy":2500},"storeCapacity":2500,"_id":48},{"type":"container","prototypeName":"StructureContainer","x":50,"y":13,"store":{"energy":2500},"storeCapacity":2500,"_id":49},{"type":"constructedWall","prototypeName":"StructureWall","x":50,"y":17,"hits":10000,"hitsMax":10000,"_id":50},{"type":"container","prototypeName":"StructureContainer","x":50,"y":49,"store":{"energy":2500},"storeCapacity":2500,"_id":51},{"type":"container","prototypeName":"StructureContainer","x":50,"y":50,"store":{"energy":2500},"storeCapacity":2500,"_id":52},{"type":"constructedWall","prototypeName":"StructureWall","x":50,"y":82,"hits":10000,"hitsMax":10000,"_id":53},{"type":"container","prototypeName":"StructureContainer","x":50,"y":86,"store":{"energy":2500},"storeCapacity":2500,"_id":54},{"type":"container","prototypeName":"StructureContainer","x":50,"y":87,"store":{"energy":2500},"storeCapacity":2500,"_id":55},{"type":"constructedWall","prototypeName":"StructureWall","x":50,"y":91,"hits":10000,"hitsMax":10000,"_id":56},{"type":"constructedWall","prototypeName":"StructureWall","x":51,"y":8,"hits":10000,"hitsMax":10000,"_id":57},{"type":"constructedWall","prototypeName":"StructureWall","x":51,"y":17,"hits":10000,"hitsMax":10000,"_id":58},{"type":"constructedWall","prototypeName":"StructureWall","x":51,"y":82,"hits":10000,"hitsMax":10000,"_id":59},{"type":"constructedWall","prototypeName":"StructureWall","x":51,"y":91,"hits":10000,"hitsMax":10000,"_id":60},{"type":"constructedWall","prototypeName":"StructureWall","x":52,"y":8,"hits":10000,"hitsMax":10000,"_id":61},{"type":"constructedWall","prototypeName":"StructureWall","x":52,"y":17,"hits":10000,"hitsMax":10000,"_id":62},{"type":"constructedWall","prototypeName":"StructureWall","x":52,"y":82,"hits":10000,"hitsMax":10000,"_id":63},{"type":"constructedWall","prototypeName":"StructureWall","x":52,"y":91,"hits":10000,"hitsMax":10000,"_id":64},{"type":"constructedWall","prototypeName":"StructureWall","x":53,"y":8,"hits":10000,"hitsMax":10000,"_id":65},{"type":"constructedWall","prototypeName":"StructureWall","x":53,"y":17,"hits":10000,"hitsMax":10000,"_id":66},{"type":"constructedWall","prototypeName":"StructureWall","x":53,"y":82,"hits":10000,"hitsMax":10000,"_id":67},{"type":"constructedWall","prototypeName":"StructureWall","x":53,"y":91,"hits":10000,"hitsMax":10000,"_id":68},{"type":"constructedWall","prototypeName":"StructureWall","x":54,"y":8,"hits":10000,"hitsMax":10000,"_id":69},{"type":"constructedWall","prototypeName":"StructureWall","x":54,"y":9,"hits":10000,"hitsMax":10000,"_id":70},{"type":"constructedWall","prototypeName":"StructureWall","x":54,"y":10,"hits":10000,"hitsMax":10000,"_id":71},{"type":"constructedWall","prototypeName":"StructureWall","x":54,"y":11,"hits":10000,"hitsMax":10000,"_id":72},{"type":"constructedWall","prototypeName":"StructureWall","x":54,"y":12,"hits":10000,"hitsMax":10000,"_id":73},{"type":"constructedWall","prototypeName":"StructureWall","x":54,"y":13,"hits":10000,"hitsMax":10000,"_id":74},{"type":"constructedWall","prototypeName":"StructureWall","x":54,"y":14,"hits":10000,"hitsMax":10000,"_id":75},{"type":"constructedWall","prototypeName":"StructureWall","x":54,"y":15,"hits":10000,"hitsMax":10000,"_id":76},{"type":"constructedWall","prototypeName":"StructureWall","x":54,"y":16,"hits":10000,"hitsMax":10000,"_id":77},{"type":"constructedWall","prototypeName":"StructureWall","x":54,"y":17,"hits":10000,"hitsMax":10000,"_id":78},{"type":"constructedWall","prototypeName":"StructureWall","x":54,"y":82,"hits":10000,"hitsMax":10000,"_id":79},{"type":"constructedWall","prototypeName":"StructureWall","x":54,"y":83,"hits":10000,"hitsMax":10000,"_id":80},{"type":"constructedWall","prototypeName":"StructureWall","x":54,"y":84,"hits":10000,"hitsMax":10000,"_id":81},{"type":"constructedWall","prototypeName":"StructureWall","x":54,"y":85,"hits":10000,"hitsMax":10000,"_id":82},{"type":"constructedWall","prototypeName":"StructureWall","x":54,"y":86,"hits":10000,"hitsMax":10000,"_id":83},{"type":"constructedWall","prototypeName":"StructureWall","x":54,"y":87,"hits":10000,"hitsMax":10000,"_id":84},{"type":"constructedWall","prototypeName":"StructureWall","x":54,"y":88,"hits":10000,"hitsMax":10000,"_id":85},{"type":"constructedWall","prototypeName":"StructureWall","x":54,"y":89,"hits":10000,"hitsMax":10000,"_id":86},{"type":"constructedWall","prototypeName":"StructureWall","x":54,"y":90,"hits":10000,"hitsMax":10000,"_id":87},{"type":"constructedWall","prototypeName":"StructureWall","x":54,"y":91,"hits":10000,"hitsMax":10000,"_id":88},{"type":"spawn","prototypeName":"StructureSpawn","x":94,"y":54,"hits":3000,"hitsMax":3000,"store":{"energy":500},"storeCapacityResource":{"energy":1000},"user":"player2","actionLog":{},"_id":89},{"type":"container","prototypeName":"StructureContainer","x":98,"y":53,"store":{"energy":2500},"storeCapacity":2500,"_id":90},{"type":"container","prototypeName":"StructureContainer","x":98,"y":54,"store":{"energy":2500},"storeCapacity":2500,"_id":91},{"type":"container","prototypeName":"StructureContainer","x":98,"y":55,"store":{"energy":2500},"storeCapacity":2500,"_id":92}],"users":{"player1":{"_id":"player1","username":"player1","color":"#FF3333"},"player2":{"_id":"player2","username":"player2","color":"#5555FF"}}}]